,City,Country,Lat,Lng,Max Temp,Humidity,Cloudiness,Wind Speed,Current Description
0,Khatanga,RU,71.9667,102.5,-19.53,99,97,3.71,overcast clouds
1,Nyuksenitsa,RU,60.4128,44.2397,24.76,97,100,5.55,overcast clouds
2,Touros,BR,-5.1989,-35.4608,86.65,60,100,15.32,overcast clouds
3,Ushuaia,AR,-54.8,-68.3,64.02,51,40,5.75,scattered clouds
4,Victoria,HK,22.2855,114.1577,66.38,80,81,15.01,broken clouds
5,Lebu,CL,-37.6167,-73.65,63.63,63,0,20.62,clear sky
6,Provideniya,RU,64.3833,-173.3,9.23,94,56,12.28,broken clouds
7,Hermanus,ZA,-34.4187,19.2345,72.81,62,0,10.54,clear sky
8,Clearwater,US,27.9659,-82.8001,76.14,82,0,3.44,clear sky
9,Severo-Kurilsk,RU,50.6789,156.125,28.54,93,100,44.16,snow
10,Marzuq,YE,14.4,46.4667,72.57,43,6,8.12,clear sky
11,Seymchan,RU,62.8833,152.4333,-24.48,100,96,1.32,overcast clouds
12,Stornoway,GB,58.2093,-6.3865,49.96,94,100,32.21,overcast clouds
13,Aljojuca,MX,19.1,-97.5167,55.15,48,6,3.11,clear sky
14,Norman Wells,CA,65.282,-126.8329,-41.76,66,0,3.44,clear sky
15,Jamestown,US,42.097,-79.2353,26.55,66,0,11.5,clear sky
16,Cabo San Lucas,MX,22.8909,-109.9124,63.61,74,0,8.05,clear sky
17,Hobyo,SO,5.3505,48.5268,77.13,65,96,18.88,overcast clouds
18,La Reforma,MX,25.0833,-108.05,56.23,79,8,8.75,clear sky
19,Havelock,US,34.8791,-76.9013,42.75,91,100,9.22,mist
20,Henties Bay,NA,-22.116,14.2845,67.6,75,40,10.56,scattered clouds
21,Rikitea,PF,-23.1203,-134.9692,78.75,73,10,17.13,clear sky
22,Mataura,NZ,-46.1927,168.8643,62.26,97,100,2.98,light rain
23,Talaya,RU,61.3833,152.75,-28.19,100,95,0.98,overcast clouds
24,Tomatlan,MX,19.9333,-105.25,72.28,45,92,1.43,overcast clouds
25,Isiro,CD,2.7739,27.616,89.1,28,88,3.67,overcast clouds
26,Geraldton,AU,-28.7667,114.6,75.61,73,47,6.91,scattered clouds
27,Cidreira,BR,-30.1811,-50.2056,80.82,69,4,9.66,clear sky
28,Qaanaaq,GL,77.484,-69.3632,-4.18,58,2,9.69,clear sky
29,Georgetown,MY,5.4112,100.3354,78.73,94,40,3.44,scattered clouds
30,Sinjar,IQ,36.3209,41.8754,44.13,75,96,15.86,overcast clouds
31,New Norfolk,AU,-42.7826,147.0587,47.71,79,75,2.86,broken clouds
32,Beloha,MG,-25.1667,45.05,75.97,73,67,16.62,broken clouds
33,Greenville,US,35.6127,-77.3663,36.14,97,100,5.75,light intensity drizzle
34,Itatinga,BR,-23.1017,-48.6158,71.49,80,95,4.27,overcast clouds
35,Harper,LR,4.375,-7.7169,84.02,71,32,7.07,light rain
36,Puerto Ayora,EC,-0.7393,-90.3518,84.16,92,36,5.99,scattered clouds
37,Antofagasta,CL,-23.65,-70.4,72.68,69,25,7.4,scattered clouds
38,Albany,US,42.6001,-73.9662,28.4,59,90,3.0,overcast clouds
39,Calabozo,VE,8.9242,-67.4293,87.49,36,3,10.11,clear sky
40,Shelburne,CA,44.0787,-80.2041,21.6,86,73,19.6,broken clouds
41,Vila Franca Do Campo,PT,37.7167,-25.4333,61.21,73,85,11.39,overcast clouds
42,Waipawa,NZ,-41.4122,175.5153,62.22,87,97,4.23,moderate rain
43,Kahului,US,20.8947,-156.47,74.84,88,0,5.01,clear sky
44,Bluff,NZ,-46.6,168.3333,61.92,97,100,9.08,overcast clouds
45,San Cristobal,VE,7.7669,-72.225,71.78,37,14,5.64,few clouds
46,Udachnyy,RU,66.4167,112.4,-19.66,98,100,4.05,overcast clouds
47,Krasnogvardeyets,RU,52.6804,52.3635,22.23,95,100,8.03,overcast clouds
48,Bubaque,GW,11.2833,-15.8333,80.01,43,75,7.61,broken clouds
49,Lavrentiya,RU,65.5833,-171.0,2.5,94,46,8.01,scattered clouds
50,Vaini,TO,-21.2,-175.2,78.96,94,75,9.22,shower rain
51,Saskylakh,RU,71.9167,114.0833,-13.79,98,100,4.09,overcast clouds
52,Rio Gallegos,AR,-51.6226,-69.2181,71.65,35,0,11.5,clear sky
53,Upernavik,GL,72.7868,-56.1549,-11.78,84,94,5.08,overcast clouds
54,Acarau,BR,-2.8856,-40.12,85.62,64,90,13.91,overcast clouds
55,Namatanai,PG,-3.6667,152.4333,80.38,78,72,5.46,broken clouds
56,Bow Island,CA,49.8668,-111.3684,8.78,78,100,26.46,overcast clouds
57,Sandwick,GB,60.0,-1.25,46.22,93,75,13.8,moderate rain
58,Pirenopolis,BR,-15.8525,-48.9592,86.49,53,99,5.26,overcast clouds
59,Avarua,CK,-21.2078,-159.775,77.05,100,40,10.36,light rain
60,Carnarvon,AU,-24.8667,113.6333,81.77,68,19,9.28,few clouds
61,Port Blair,IN,11.6667,92.75,80.64,78,40,2.3,mist
62,Luderitz,NA,-26.6481,15.1594,75.15,55,38,31.56,scattered clouds
63,Parrita,CR,9.5201,-84.3225,83.07,48,73,2.08,broken clouds
64,Port Elizabeth,ZA,-33.918,25.5701,76.1,74,40,12.66,scattered clouds
65,Ouango,CF,4.3133,22.5552,98.92,21,75,2.51,broken clouds
66,Atuona,PF,-9.8,-139.0333,78.31,78,72,17.54,broken clouds
67,Bathsheba,BB,13.2167,-59.5167,84.81,58,40,19.57,scattered clouds
68,Bethel,US,41.3712,-73.414,33.15,49,0,9.22,clear sky
69,Fortuna,US,40.5982,-124.1573,47.32,49,0,13.8,clear sky
70,Radomsko,PL,51.0671,19.4448,33.51,97,100,16.08,light snow
71,Vejen,DK,55.4833,9.15,41.38,75,20,4.61,few clouds
72,Sutto,HU,47.7589,18.4487,41.14,65,75,17.9,broken clouds
73,Lanxi,CN,29.2195,119.477,42.26,80,100,3.85,overcast clouds
74,Pevek,RU,69.7008,170.3133,-13.07,100,95,3.2,overcast clouds
75,Aksu,CN,41.1231,80.2644,20.16,81,91,4.36,overcast clouds
76,Whitehorse,CA,60.7161,-135.0538,9.37,78,100,18.41,overcast clouds
77,Butaritari,KI,3.0707,172.7902,80.19,79,100,17.92,light rain
78,Maamba,ZM,-17.3667,27.15,80.74,71,62,4.5,light rain
79,Bandarbeyla,SO,9.4942,50.8122,76.23,65,1,16.67,clear sky
80,Sobolevo,RU,54.4299,31.8996,32.05,99,100,8.9,light snow
81,Punta Arenas,CL,-53.15,-70.9167,64.51,52,0,25.32,clear sky
82,Hilo,US,19.7297,-155.09,77.29,82,0,8.05,clear sky
83,Mahebourg,MU,-20.4081,57.7,81.25,83,40,6.91,light rain
84,Hobart,AU,-42.8794,147.3294,48.06,91,92,5.75,overcast clouds
85,Trofors,NO,65.5333,13.4063,10.27,95,95,4.85,light snow
86,Talnakh,RU,69.4865,88.3972,13.21,96,100,8.97,light snow
87,Laguna,US,38.421,-121.4238,46.78,93,0,0.0,mist
88,Chicama,PE,-7.8447,-79.1469,68.54,56,81,5.86,broken clouds
89,Bredasdorp,ZA,-34.5322,20.0403,74.3,44,0,14.9,clear sky
90,Bonthe,SL,7.5264,-12.505,87.12,59,50,13.44,scattered clouds
91,Katsuura,JP,35.1333,140.3,44.78,44,100,9.42,overcast clouds
92,Hasaki,JP,35.7333,140.8333,39.6,58,100,9.44,overcast clouds
93,Itarema,BR,-2.9248,-39.9167,86.23,62,69,13.96,broken clouds
94,Saint George,US,37.1041,-113.5841,27.19,74,0,0.0,clear sky
95,Nikolskoye,RU,59.7035,30.7861,30.09,98,100,2.68,light snow
96,Tezu,IN,27.9167,96.1667,65.59,20,12,5.21,few clouds
97,Burnie,AU,-41.0667,145.9167,47.68,87,67,6.22,broken clouds
98,Leira,ES,43.1167,-8.4,57.42,56,0,1.72,clear sky
99,Melfort,CA,52.8667,-104.6177,-27.27,68,13,9.22,few clouds
100,Tiksi,RU,71.6872,128.8694,-18.45,98,99,8.37,overcast clouds
101,Benghazi,LY,32.1167,20.0667,59.22,52,88,8.55,overcast clouds
102,Katangli,RU,51.7102,143.2326,-12.33,93,100,7.31,overcast clouds
103,Port Hardy,CA,50.6996,-127.4199,42.98,75,100,24.16,overcast clouds
104,Broome,US,42.2506,-75.833,26.2,63,40,11.5,scattered clouds
105,Port Alfred,ZA,-33.5906,26.891,77.18,80,78,3.0,broken clouds
106,Chapais,CA,49.7834,-74.8492,2.98,91,100,8.55,light snow
107,Adrar,MR,20.5022,-10.0711,75.83,9,8,14.45,clear sky
108,Ponta Do Sol,PT,32.6667,-17.1,66.7,58,67,9.44,broken clouds
109,Aklavik,CA,68.2191,-135.0107,-32.8,75,75,6.91,broken clouds
110,Tashla,RU,51.7716,52.7427,19.58,88,100,8.79,overcast clouds
111,Cape Town,ZA,-33.9258,18.4232,74.12,46,0,11.01,clear sky
112,Sibolga,ID,1.7427,98.7792,77.09,89,100,2.98,overcast clouds
113,Dikson,RU,73.5069,80.5464,3.31,93,100,8.03,overcast clouds
114,Aguas Formosas,BR,-17.0822,-40.9358,86.7,52,23,3.65,few clouds
115,Kushmurun,KZ,52.4503,64.6311,4.73,88,100,6.93,overcast clouds
116,Tasiilaq,GL,65.6145,-37.6368,23.16,60,100,35.41,overcast clouds
117,Mildura,AU,-34.2,142.15,53.08,75,4,16.4,clear sky
118,Sembe,CG,1.6481,14.5806,91.63,38,63,3.38,broken clouds
119,Kalach-Na-Donu,RU,48.691,43.5264,32.0,99,100,5.32,light snow
120,Busselton,AU,-33.65,115.3333,68.65,65,0,18.37,clear sky
121,Olinda,BR,-8.0089,-34.8553,85.73,66,40,9.22,scattered clouds
122,Lagoa,PT,39.05,-27.9833,57.24,73,9,16.15,clear sky
123,Nuuk,GL,64.1835,-51.7216,12.81,79,100,18.41,light snow
124,Yellowknife,CA,62.456,-114.3525,-34.08,67,20,6.91,mist
125,Nago,JP,26.5881,127.9761,54.03,72,77,9.66,broken clouds
126,Mnogovershinnyy,RU,53.9353,139.9242,-22.38,96,42,4.43,scattered clouds
127,Jalu,LY,29.0331,21.5482,60.84,37,9,6.44,clear sky
128,Kapaa,US,22.0752,-159.319,71.92,93,75,4.61,light rain
129,Shamgarh,IN,24.1833,75.6333,63.81,32,64,7.27,broken clouds
130,Castro,BR,-24.7911,-50.0119,74.86,82,16,8.41,few clouds
131,Santa Maria,BR,-29.6842,-53.8069,87.1,62,40,8.05,scattered clouds
132,Tuatapere,NZ,-46.1333,167.6833,62.73,97,100,3.98,overcast clouds
133,Kangaatsiaq,GL,68.3065,-53.4641,-5.87,93,96,2.89,overcast clouds
134,Esperance,AU,-33.8667,121.9,62.24,72,68,12.06,broken clouds
135,Bhanvad,IN,21.9264,69.7736,71.04,22,6,9.28,clear sky
136,Chokurdakh,RU,70.6333,147.9167,-13.67,100,98,5.59,overcast clouds
137,Murgab,TM,37.4966,61.9714,51.67,66,0,0.0,clear sky
138,Taoudenni,ML,22.6783,-3.9836,70.77,11,66,16.78,broken clouds
139,Severo-Yeniseyskiy,RU,60.3725,93.0408,3.42,96,100,4.76,overcast clouds
140,Zhuhai,CN,22.2769,113.5678,69.85,82,40,14.97,scattered clouds
141,Roma,US,43.2128,-75.4557,26.82,63,100,6.91,overcast clouds
142,Torbay,CA,47.6666,-52.7314,19.38,73,75,14.97,broken clouds
143,Ribeira Grande,PT,38.5167,-28.7,63.0,67,20,14.97,few clouds
144,Kisangani,CD,0.5167,25.2,72.52,92,81,3.6,heavy intensity rain
145,Chanika,TZ,-5.4167,38.0167,78.22,62,44,7.4,scattered clouds
146,La Rioja,ES,42.25,-2.5,46.18,47,0,4.54,clear sky
147,Uyuni,BO,-20.4597,-66.825,62.73,24,5,10.13,clear sky
148,Praia,CV,14.9215,-23.5087,77.54,50,40,25.32,scattered clouds
149,Honningsvag,NO,70.9821,25.9704,26.35,93,100,11.5,light snow
150,Saint-Philippe,RE,-21.3585,55.7679,81.99,83,58,12.82,broken clouds
151,Catamarca,AR,-28.4696,-65.7852,80.78,58,60,3.0,broken clouds
152,Tornio,FI,65.8481,24.1466,19.42,93,92,8.3,overcast clouds
153,Svetlogorsk,BY,52.6333,29.7333,32.38,96,100,4.97,overcast clouds
154,Brandon,US,27.9378,-82.2859,78.26,74,0,3.0,clear sky
155,Mulege,MX,26.8833,-111.9833,57.07,66,2,7.4,clear sky
156,Pisco,PE,-13.7,-76.2167,77.05,73,0,9.22,clear sky
157,Tallahassee,US,30.4383,-84.2807,69.85,94,100,4.61,overcast clouds
158,Tura,IN,25.5198,90.2201,60.85,43,20,2.98,few clouds
159,East London,ZA,-33.0153,27.9116,76.14,73,40,12.66,light rain
160,Kuala Terengganu,MY,5.3302,103.1408,78.75,94,40,2.3,scattered clouds
161,Thompson,CA,55.7435,-97.8558,-30.84,68,0,11.5,clear sky
162,Asau,RO,46.4333,26.4,33.28,88,97,5.61,overcast clouds
163,San Jose,US,37.3394,-121.895,50.0,73,0,3.44,clear sky
164,Faanui,PF,-16.4833,-151.75,80.98,76,31,19.64,scattered clouds
165,Biak,ID,-0.9131,122.8766,75.74,84,100,5.35,overcast clouds
166,Alofi,NU,-19.0595,-169.9187,71.49,94,100,10.36,moderate rain
167,Klaksvik,FO,62.2266,-6.589,41.92,98,100,28.1,moderate rain
168,Zaria,NG,11.1113,7.7227,91.4,10,97,11.54,overcast clouds
169,Komsomolskiy,UZ,40.4272,71.7189,41.72,60,40,2.3,scattered clouds
170,Ugep,NG,5.8086,8.0812,98.71,25,5,4.88,clear sky
171,Halifax,CA,44.6453,-63.5724,27.21,61,20,8.05,few clouds
172,Mumford,GH,5.2618,-0.759,83.43,68,15,11.95,few clouds
173,Portland,US,45.5234,-122.6762,37.38,83,20,3.44,few clouds
174,Tazovskiy,RU,67.4667,78.7,0.01,98,47,8.05,scattered clouds
175,Sri Madhopur,IN,27.4667,75.6,58.86,27,0,5.28,clear sky
176,Arlit,NE,18.7369,7.3853,88.77,6,17,6.4,few clouds
177,Vardo,NO,70.3705,31.1107,22.98,86,20,4.61,light snow
178,Hwange,ZW,-18.3693,26.5019,80.33,69,62,5.08,broken clouds
179,Yagodnoye,RU,62.55,149.6667,-21.86,100,98,2.8,overcast clouds
180,Meulaboh,ID,4.1363,96.1285,78.31,84,99,0.67,overcast clouds
181,Ishigaki,JP,24.3448,124.1572,64.53,94,100,11.5,overcast clouds
182,Esna,EG,25.2934,32.554,61.88,25,0,9.46,clear sky
183,Sergeyevka,KZ,53.88,67.4158,-3.53,97,5,5.1,clear sky
184,Rio Tercero,AR,-32.173,-64.1141,77.79,60,40,2.37,scattered clouds
185,Amapa,BR,1.0,-52.0,80.89,71,99,4.43,overcast clouds
186,Kodiak,US,57.79,-152.4072,27.91,86,20,5.75,few clouds
187,Nanortalik,GL,60.1432,-45.2371,19.13,74,100,20.6,overcast clouds
188,Kaitangata,NZ,-46.2817,169.8464,61.47,95,100,2.19,overcast clouds
189,Pundaguitan,PH,6.3711,126.1689,80.31,79,44,16.53,scattered clouds
190,Ampanihy,MG,-24.7,44.75,75.94,74,81,12.66,broken clouds
191,Comodoro Rivadavia,AR,-45.8667,-67.5,80.46,19,0,13.8,clear sky
192,Oranjemund,NA,-28.55,16.4333,68.27,67,0,24.74,clear sky
193,Acajutla,SV,13.5928,-89.8275,85.41,48,7,4.68,clear sky
194,Coquimbo,CL,-29.9533,-71.3436,67.73,72,20,16.11,few clouds
195,Den Helder,NL,52.9599,4.7593,47.01,93,100,15.99,overcast clouds
196,Tuktoyaktuk,CA,69.4541,-133.0374,-34.6,74,100,4.61,overcast clouds
197,Denia,ES,38.8408,0.1057,59.63,58,0,5.01,clear sky
198,Guerrero Negro,MX,27.9769,-114.0611,57.78,55,23,2.77,few clouds
199,Letterkenny,IE,54.95,-7.7333,51.69,77,94,19.13,overcast clouds
200,Penzance,GB,50.1186,-5.5371,51.12,87,40,18.41,scattered clouds
201,Lakes Entrance,AU,-37.8811,147.981,49.15,84,48,9.57,scattered clouds
202,Maceio,BR,-9.6658,-35.7353,87.24,66,75,11.5,broken clouds
203,Honiara,SB,-9.4333,159.95,77.25,88,100,2.1,overcast clouds
204,Inta,RU,66.0317,60.1659,13.91,96,93,6.91,overcast clouds
205,Ust-Koksa,RU,50.2696,85.6108,8.42,88,27,1.21,scattered clouds
206,Wexford,IE,52.3342,-6.4575,54.12,94,100,14.0,overcast clouds
207,Te Anau,NZ,-45.4167,167.7167,61.39,98,93,2.71,light rain
208,Cockburn Town,TC,21.4612,-71.1419,78.76,61,20,17.27,few clouds
209,Florida,US,28.7505,-82.5001,73.9,88,100,0.0,overcast clouds
210,Nelson Bay,AU,-32.7167,152.15,75.25,97,0,4.0,clear sky
211,Filingue,NE,14.3521,3.3168,96.91,9,84,10.29,broken clouds
212,Zafra,ES,38.4167,-6.4167,55.29,42,0,5.57,clear sky
213,Qaqortoq,GL,60.7167,-46.0333,9.91,85,56,4.41,broken clouds
214,Goderich,CA,43.7501,-81.7165,30.9,69,65,20.71,broken clouds
215,Batagay,RU,67.6333,134.6333,-29.56,98,99,2.17,overcast clouds
216,Arman,RU,59.7,150.1667,-0.15,94,97,7.7,overcast clouds
217,Necochea,AR,-38.5473,-58.7368,73.18,66,80,10.96,light rain
218,Lashio,MM,22.9333,97.75,67.75,48,100,2.8,overcast clouds
219,Manaure,CO,11.7751,-72.4445,84.34,50,1,24.07,clear sky
220,Saint-Pierre,RE,-21.3393,55.4781,82.08,78,75,17.27,broken clouds
221,Springdale,US,36.1867,-94.1288,32.74,72,100,3.44,overcast clouds
222,Havoysund,NO,70.9963,24.6622,26.83,67,100,0.81,light snow
223,Maraa,BR,-1.8333,-65.3667,89.19,54,35,5.12,heavy intensity rain
224,Arraial Do Cabo,BR,-22.9661,-42.0278,84.16,74,75,9.22,broken clouds
225,Santa Cruz De Tenerife,ES,28.4682,-16.2546,68.61,64,20,14.97,few clouds
226,Bjorkelangen,NO,59.8848,11.5694,27.39,91,13,0.63,few clouds
227,Borovskoy,KZ,53.8,64.15,-2.06,91,91,2.8,overcast clouds
228,Ankang,CN,32.68,109.0172,39.63,52,87,1.61,overcast clouds
229,Barrow,US,71.2906,-156.7887,-5.78,84,100,13.8,light snow
230,Chuy,UY,-33.6971,-53.4616,81.68,55,83,10.98,broken clouds
231,Darhan,MN,49.4867,105.9228,-9.2,97,73,5.19,broken clouds
232,Sitka,US,57.0531,-135.33,42.69,65,100,10.36,overcast clouds
233,Contramaestre,CU,20.2978,-76.2414,86.36,41,31,12.37,scattered clouds
234,Zemio,CF,5.0314,25.1361,93.33,16,35,4.25,scattered clouds
235,Fort Nelson,CA,58.8053,-122.7002,-14.06,82,40,0.0,light snow
236,Klamath Falls,US,42.2249,-121.7817,31.86,74,0,0.0,clear sky
237,Boca Do Acre,BR,-8.7522,-67.3978,78.15,89,92,3.96,heavy intensity rain
238,Port-Gentil,GA,-0.7193,8.7815,78.76,78,40,12.66,thunderstorm
239,Naze,JP,28.3667,129.4833,52.72,68,5,8.77,clear sky
240,Iqaluit,CA,63.7506,-68.5145,-36.67,67,20,4.61,few clouds
241,College,US,64.8569,-147.8028,11.59,85,100,4.61,light snow
242,Alekseyevsk,RU,57.8406,108.3492,7.74,95,100,9.08,light snow
243,Caravelas,BR,-17.7125,-39.2481,87.93,43,11,10.6,few clouds
244,Hithadhoo,MV,-0.6,73.0833,82.24,66,96,15.52,overcast clouds
245,Dukat,RU,62.55,155.55,-16.69,96,32,2.1,scattered clouds
246,Reitoca,HN,13.8258,-87.4653,81.72,34,8,8.46,clear sky
247,Hanna,CA,51.6334,-111.9018,-2.15,84,100,17.0,overcast clouds
248,Sao Joao Da Barra,BR,-21.6403,-41.0511,87.89,77,71,12.44,broken clouds
249,Pueblo Bello,CO,8.2041,-76.526,84.7,50,3,3.65,clear sky
250,Shubarshi,KZ,48.5872,57.1869,16.65,82,99,7.45,overcast clouds
251,Vao,NC,-22.6667,167.4833,79.11,83,92,7.83,overcast clouds
252,Camana,PE,-16.6228,-72.7111,77.61,76,23,10.4,few clouds
253,Khingansk,RU,49.1167,131.1833,-18.8,100,21,2.95,few clouds
254,Arys,KZ,42.4252,68.795,39.85,96,100,12.39,overcast clouds
255,Jeremie,HT,18.65,-74.1167,81.1,63,38,9.82,scattered clouds
256,Loznica,RS,44.5342,19.2242,45.86,82,100,4.14,overcast clouds
257,San Francisco,US,37.7749,-122.4194,47.32,82,75,5.99,broken clouds
258,Saint-Joseph,RE,-21.3667,55.6167,80.98,83,72,13.47,broken clouds
259,Avera,US,33.194,-82.5271,51.39,80,100,4.0,overcast clouds
260,Le Port,RE,-20.9373,55.2919,82.4,84,88,3.94,light rain
261,Kupino,RU,54.3663,77.2981,-6.45,97,25,3.74,scattered clouds
262,Ornskoldsvik,SE,63.2909,18.7153,22.15,79,0,6.91,clear sky
263,Coihaique,CL,-45.5752,-72.0662,65.01,63,75,10.36,broken clouds
264,Lorengau,PG,-2.0226,147.2712,80.37,79,47,2.19,scattered clouds
265,Narsaq,GL,60.9167,-46.05,16.02,93,54,3.22,broken clouds
266,Los Llanos De Aridane,ES,28.6585,-17.9182,65.95,62,20,8.01,few clouds
267,Kiunga,PG,-6.1219,141.2906,74.03,96,98,0.29,overcast clouds
268,Steubenville,US,40.3698,-80.634,28.98,59,40,7.0,scattered clouds
269,Axim,GH,4.8699,-2.2405,85.39,65,21,11.41,few clouds
270,Bambous Virieux,MU,-20.3428,57.7575,81.21,83,40,6.91,light rain
271,Puerto Madryn,AR,-42.7692,-65.0385,83.66,30,96,8.9,overcast clouds
272,Herouville-Saint-Clair,FR,49.2109,-0.3065,50.99,76,75,12.66,broken clouds
273,Kailua,US,21.4022,-157.7394,71.58,94,75,1.01,broken clouds
274,Verkhnyaya Inta,RU,65.9811,60.3094,13.42,95,96,6.42,overcast clouds
275,Vitim,RU,59.4511,112.5578,7.0,95,100,10.2,light snow
276,Cayenne,GF,4.9333,-52.3333,82.44,78,75,5.75,broken clouds
277,Douentza,ML,14.9951,-2.9517,92.52,5,92,6.71,overcast clouds
278,Tefe,BR,-3.3542,-64.7114,80.71,89,75,4.61,broken clouds
279,Namibe,AO,-15.1961,12.1522,76.68,71,64,10.49,broken clouds
280,Sarangani,PH,5.4033,125.4636,81.39,79,92,20.15,overcast clouds
281,Tartagal,AR,-22.5164,-63.8013,96.85,28,6,6.91,clear sky
282,Altamira,BR,-3.2033,-52.2064,86.09,66,75,6.91,broken clouds
283,Qui Nhon,VN,13.7667,109.2333,74.91,92,93,8.5,overcast clouds
284,San Patricio,US,28.017,-97.5169,39.29,86,100,11.03,overcast clouds
285,Druzhba,UA,52.0428,33.9453,30.79,97,100,8.3,light snow
286,Pakxe,LA,15.1167,105.7833,79.18,70,94,1.66,overcast clouds
287,Nikolo-Pavlovskoye,RU,57.7831,60.0578,11.14,99,86,2.86,overcast clouds
288,Bokajan,IN,26.0167,93.7833,63.55,56,1,1.41,clear sky
289,Goundi,TD,9.3627,17.366,100.45,8,7,7.0,clear sky
290,Zharkent,KZ,44.1628,80.0,25.23,83,100,2.71,overcast clouds
291,Katobu,ID,-4.9408,122.5276,73.94,96,100,2.86,light rain
292,Balabac,PH,7.9868,117.0645,80.65,83,98,14.85,overcast clouds
293,Griffith,US,41.5284,-87.4237,29.05,65,0,12.66,clear sky
294,Djibo,BF,14.1022,-1.6306,95.86,6,36,5.64,scattered clouds
295,Puerto Leguizamo,CO,-0.1934,-74.7819,90.25,31,26,6.33,scattered clouds
296,Athabasca,CA,54.7169,-113.2854,-16.19,90,100,11.74,overcast clouds
297,Abbeville,FR,50.1,1.8333,51.26,86,51,17.0,broken clouds
298,Pietersburg,ZA,-23.9045,29.4688,65.25,94,75,6.91,light rain
299,Swan Hill,AU,-35.3378,143.5544,53.67,66,2,14.05,clear sky
300,Koutsouras,GR,35.0339,25.9469,59.11,53,0,1.01,clear sky
301,Egvekinot,RU,66.3167,-179.1667,-2.97,91,54,12.73,broken clouds
302,Salalah,OM,17.0151,54.0924,75.29,57,0,6.91,clear sky
303,Alta Floresta,BR,-9.8756,-56.0861,86.81,59,36,2.46,scattered clouds
304,Matara,LK,5.9485,80.5353,75.7,91,100,2.77,overcast clouds
305,Bourail,NC,-21.5667,165.4833,75.69,83,32,4.85,scattered clouds
306,Muravlenko,RU,63.7898,74.523,10.24,96,6,10.8,clear sky
307,Huilong,CN,31.8111,121.655,39.92,70,100,8.08,light rain
308,Ballina,AU,-28.8667,153.5667,74.01,99,37,8.41,scattered clouds
309,Jacareacanga,BR,-6.2222,-57.7528,86.34,61,73,4.81,broken clouds
310,Monte Alegre,BR,-2.0078,-54.0692,79.74,73,80,2.26,broken clouds
311,Marshfield,US,44.6689,-90.1718,15.71,79,100,13.8,haze
312,General Teran,MX,25.2667,-99.6833,48.15,55,76,7.14,broken clouds
313,Troitsko-Pechorsk,RU,62.7084,56.1964,11.21,95,97,6.08,overcast clouds
314,Maxixe,MZ,-23.8597,35.3472,85.82,66,20,11.5,few clouds
315,Ixtapa,MX,20.7,-105.2,63.63,94,0,6.91,clear sky
316,Dunedin,NZ,-45.8742,170.5036,65.8,84,100,1.99,overcast clouds
317,Lasa,IT,46.6166,10.7002,41.88,93,49,8.28,scattered clouds
318,Bamnet Narong,TH,15.4992,101.6897,79.92,49,50,5.73,scattered clouds
319,Kharan,PK,28.5833,65.4167,63.27,33,0,0.87,clear sky
320,Mount Gambier,AU,-37.8333,140.7667,50.97,74,97,16.67,light rain
321,Excelsior Springs,US,39.3392,-94.2261,35.49,65,0,0.0,clear sky
322,Berlevag,NO,70.8578,29.0864,24.8,93,75,12.66,light snow
323,Mangai,CD,-4.05,19.5333,79.74,65,94,0.89,overcast clouds
324,Mahibadhoo,MV,3.7833,72.9667,80.19,69,3,11.81,clear sky
325,Muroto,JP,33.2833,134.15,46.42,69,79,12.19,broken clouds
326,Rockhampton,AU,-23.3833,150.5,78.69,89,26,5.75,scattered clouds
327,Wanaka,NZ,-44.7,169.15,62.11,93,100,1.99,light rain
328,Port Macquarie,AU,-31.4333,152.9167,69.89,94,13,9.71,few clouds
329,Lata,PT,40.1629,-8.3327,63.07,46,0,3.27,clear sky
330,Puerto Escondido,MX,15.85,-97.0667,77.83,88,0,2.3,clear sky
331,Numan,NG,9.4667,12.0333,101.05,8,38,7.45,scattered clouds
332,Miramar,US,25.9873,-80.2323,83.01,72,20,11.5,few clouds
333,Mount Isa,AU,-20.7333,139.5,74.97,78,100,4.61,light rain
334,Leningradskiy,RU,69.3833,178.4167,-10.46,99,99,7.87,overcast clouds
335,Storm Lake,US,42.6411,-95.2097,16.02,86,0,25.32,mist
336,Srednekolymsk,RU,67.45,153.6833,-29.88,100,96,2.95,overcast clouds
337,Gualeguaychu,AR,-33.0094,-58.5172,74.89,81,100,6.4,overcast clouds
338,Maputo,MZ,-25.9653,32.5892,83.88,65,20,18.41,few clouds
339,Ayan,RU,56.45,138.1667,-11.63,81,92,8.81,overcast clouds
340,Maltahohe,NA,-24.8333,16.9833,82.17,38,100,7.96,overcast clouds
341,Hervey Bay,AU,-25.2986,152.8535,76.95,90,30,2.57,scattered clouds
342,Bambanglipuro,ID,-7.95,110.2833,76.39,87,99,4.61,moderate rain
343,Bam,IR,29.106,58.357,58.86,60,28,5.26,scattered clouds
344,Savannah Bight,HN,16.45,-85.85,77.52,77,20,10.54,few clouds
345,Ocos,GT,14.5094,-92.1933,80.78,60,4,2.35,clear sky
346,Ilebo,CD,-4.3167,20.5833,84.79,61,58,1.25,broken clouds
347,Paamiut,GL,61.994,-49.6678,12.0,84,100,15.75,light snow
348,Saldanha,ZA,-33.0117,17.9442,75.25,76,0,21.77,clear sky
349,Nakonde,ZM,-9.3421,32.745,62.53,93,100,3.76,moderate rain
350,Padang,ID,-0.9492,100.3543,77.05,83,96,3.87,overcast clouds
351,Ancud,CL,-41.8697,-73.8203,63.0,59,9,6.89,clear sky
352,Zhezkazgan,KZ,47.8043,67.7144,19.38,86,100,20.13,light snow
353,Indri,IN,29.88,77.0711,56.14,50,20,7.54,few clouds
354,Houma,US,29.5958,-90.7195,64.4,100,100,6.91,mist
355,Acapulco,MX,16.8634,-99.8901,76.82,61,0,3.44,clear sky
356,Pacific Grove,US,36.6177,-121.9166,51.64,65,0,5.75,clear sky
357,Bengkulu,ID,-3.8004,102.2655,76.95,87,98,6.49,light rain
358,George,ZA,-33.963,22.4617,67.55,77,100,5.75,overcast clouds
359,Quatre Cocos,MU,-20.2078,57.7625,81.09,81,19,11.18,light rain
360,Dongargaon,IN,20.9667,80.85,65.08,16,94,2.64,overcast clouds
361,La Ronge,CA,55.1001,-105.2842,-27.15,68,0,8.05,clear sky
362,Tautira,PF,-17.7333,-149.15,80.85,78,11,19.57,few clouds
363,Chilca,PE,-12.5211,-76.7372,73.99,77,77,6.71,broken clouds
364,Port Lincoln,AU,-34.7333,135.8667,58.48,60,100,22.59,overcast clouds
365,Yumen,CN,40.2833,97.2,22.87,39,0,8.81,clear sky
366,Birjand,IR,32.8663,59.2211,45.07,100,75,4.61,light rain
367,Kavaratti,IN,10.5669,72.642,80.38,78,64,8.93,broken clouds
368,Vila,PT,42.0304,-8.1588,51.69,34,0,2.08,clear sky
369,Valga,EE,57.7778,26.0473,30.99,91,100,3.0,light snow
370,Glace Bay,CA,46.1969,-59.957,23.99,64,17,11.99,few clouds
371,Kropotkin,RU,45.4375,40.5756,36.01,68,100,3.65,overcast clouds
372,Conde,BR,-7.2597,-34.9075,89.06,58,75,13.8,broken clouds
373,Bodden Town,KY,19.2833,-81.25,84.0,69,40,19.57,scattered clouds
374,Eyl,SO,7.9803,49.8164,75.76,70,0,19.57,clear sky
375,Cherskiy,RU,68.75,161.3,-9.87,99,98,3.87,overcast clouds
376,Sao Filipe,CV,14.8961,-24.4956,72.72,70,69,9.82,broken clouds
377,Doctor Juan Manuel Frutos,PY,-25.3667,-55.8,93.79,39,11,3.83,few clouds
378,Saint-Georges,GD,12.0564,-61.7485,83.88,65,40,17.27,scattered clouds
379,Itapirapua,BR,-15.8233,-50.6133,86.14,59,63,3.69,broken clouds
380,Manavalakurichi,IN,8.1333,77.3,75.02,85,100,5.03,overcast clouds
381,Kavieng,PG,-2.5744,150.7967,82.06,76,96,6.67,light rain
382,Camacha,PT,33.0833,-16.3333,60.22,51,20,11.5,few clouds
383,Sambava,MG,-14.2667,50.1667,78.87,87,6,13.62,light rain
384,Tigzirt,DZ,36.8886,4.1198,54.55,70,28,10.96,scattered clouds
385,Takoradi,GH,4.8845,-1.7554,84.2,67,6,10.56,clear sky
386,Ilulissat,GL,69.2167,-51.1,5.02,56,75,2.3,broken clouds
387,Cocorit,MX,27.5833,-109.9667,43.14,56,0,9.57,clear sky
388,Souillac,MU,-20.5167,57.5167,80.98,83,40,6.91,light rain
389,Kendari,ID,-3.945,122.4989,76.14,88,100,1.99,moderate rain
390,Grand Gaube,MU,-20.0064,57.6608,81.37,78,12,3.0,light rain
391,Saint Anthony,US,45.0205,-93.218,14.49,61,40,21.85,scattered clouds
392,Zhigansk,RU,66.7697,123.3711,-26.97,96,100,11.88,overcast clouds
393,Najran,SA,17.4924,44.1277,79.45,31,0,1.41,clear sky
394,Olafsvik,IS,64.8945,-23.7142,36.84,96,100,23.44,overcast clouds
395,Husavik,IS,66.0449,-17.3389,34.88,80,100,28.3,overcast clouds
396,Vostok,RU,46.4856,135.8833,-8.28,99,99,5.46,overcast clouds
397,Marathon,US,44.9,-89.7668,17.13,73,100,19.57,overcast clouds
398,Merauke,ID,-8.4667,140.3333,77.04,94,100,5.86,overcast clouds
399,Villa Rica,US,33.7321,-84.9191,46.0,97,100,5.93,overcast clouds
400,Leshukonskoye,RU,64.8989,45.7622,13.17,97,81,5.97,broken clouds
401,Djambala,CG,-2.5447,14.7533,84.16,51,51,5.73,broken clouds
402,Rafai,CF,4.95,23.9167,91.67,25,61,0.74,broken clouds
403,Segou,ML,13.4317,-6.2157,94.57,8,69,7.02,broken clouds
404,Kibre Mengist,ET,5.8833,38.9833,70.81,24,100,3.74,overcast clouds
405,Dingle,PH,10.9995,122.6711,73.98,94,59,6.96,broken clouds
406,Ordu,TR,40.9086,37.6845,30.7,78,33,6.67,scattered clouds
407,Mar Del Plata,AR,-38.0023,-57.5575,71.94,89,75,10.0,light rain
408,Santa Isabel,BR,-23.3156,-46.2214,85.3,75,97,7.47,overcast clouds
409,Kilindoni,TZ,-7.9139,39.6668,82.29,78,57,8.57,broken clouds
410,Karatau,KZ,43.1667,70.4667,38.35,93,96,10.63,overcast clouds
411,Oktyabrskiy,RU,54.4815,53.471,8.74,99,100,3.83,overcast clouds
412,Anadyr,RU,64.75,177.4833,21.7,79,0,17.9,clear sky
413,Rivadavia,AR,-33.1905,-68.4608,82.0,36,0,5.84,clear sky
414,Toora-Khem,RU,52.4675,96.11,-11.99,100,72,0.56,broken clouds
415,Madera,US,37.1666,-119.8343,50.23,66,16,4.05,few clouds
416,Malanje,AO,-9.5402,16.341,79.27,65,26,4.72,scattered clouds
417,Humboldt,US,40.6665,-123.9178,38.52,67,100,6.24,overcast clouds
418,Strezhevoy,RU,60.7333,77.5889,3.6,100,97,3.98,overcast clouds
419,Road Town,VG,18.4167,-64.6167,82.49,69,75,9.22,broken clouds
420,Broken Hill,AU,-31.95,141.4333,59.65,49,1,19.69,clear sky
421,Half Moon Bay,US,37.4636,-122.4286,48.74,73,0,3.44,clear sky
422,Boa Vista,BR,2.8197,-60.6733,85.98,51,40,16.11,scattered clouds
423,Mantua,IT,45.1667,10.7833,58.24,61,2,7.61,clear sky
424,Brigantine,US,39.4101,-74.3646,37.0,54,0,0.0,clear sky
425,Dwarka,IN,22.2394,68.9678,69.49,59,3,11.34,clear sky
426,Kloulklubed,PW,7.0419,134.2556,79.3,75,94,21.05,overcast clouds
427,Paita,PE,-5.0892,-81.1144,78.93,65,97,3.31,overcast clouds
428,Zarand,IR,30.8127,56.564,47.91,80,100,5.84,light rain
429,Mama,RU,58.3106,112.8986,7.97,95,100,6.98,light snow
430,Baykit,RU,61.67,96.37,3.88,99,100,2.71,overcast clouds
431,Lerwick,GB,60.1545,-1.1494,46.4,97,100,22.17,moderate rain
432,Adre,TD,13.4667,22.2,83.23,14,6,9.73,clear sky
433,Rockwall,US,32.9001,-96.4003,33.37,93,100,3.44,moderate rain
434,Filadelfia,US,39.9523,-75.1638,37.22,46,75,4.61,broken clouds
435,Pimentel,PE,-6.8367,-79.9342,77.29,69,0,6.91,clear sky
436,Contamana,PE,-7.3333,-75.0167,81.32,81,98,2.82,overcast clouds
437,San Jose Iturbide,MX,21.0,-100.3833,63.59,42,2,4.36,clear sky
438,Utete,TZ,-7.986,38.758,78.84,87,99,4.79,overcast clouds
439,Ternate,ID,0.8,127.4,76.59,79,97,6.17,overcast clouds
440,Dalmatovo,RU,56.26,62.9362,6.04,93,100,5.08,overcast clouds
441,Sabha,LY,27.0377,14.4283,60.69,34,100,9.6,overcast clouds
442,Sur,OM,22.5667,59.5289,69.46,64,2,9.4,clear sky
443,Bandar-E Lengeh,IR,26.5579,54.8807,69.91,78,47,0.0,scattered clouds
444,Truth Or Consequences,US,33.1284,-107.2528,35.83,51,0,3.44,clear sky
445,Zemetchino,RU,53.4973,42.6163,27.66,96,98,9.91,overcast clouds
446,Palmer,US,42.1584,-72.3287,32.52,50,75,6.91,broken clouds
447,Malakal,SS,9.5334,31.6605,88.36,12,3,8.86,clear sky
448,Manokwari,ID,-0.8667,134.0833,77.99,84,100,7.29,overcast clouds
449,Longyearbyen,SJ,78.2186,15.6401,8.44,72,75,19.57,broken clouds
450,Kalevala,RU,65.2,31.1667,3.88,99,84,2.53,broken clouds
451,Clyde River,CA,70.4692,-68.5914,-25.37,68,40,10.36,scattered clouds
452,Nukus,UZ,42.4531,59.6103,33.78,93,100,4.61,overcast clouds
453,Lima,PE,-12.0432,-77.0282,77.25,69,0,6.91,clear sky
454,Tete,MZ,-16.1564,33.5867,89.69,55,40,8.05,scattered clouds
455,Laurel,US,39.0993,-76.8483,36.81,50,100,3.44,overcast clouds
456,Santa Maria Da Boa Vista,BR,-8.8078,-39.8256,89.76,39,69,8.3,broken clouds
457,Bousse,BF,12.6606,-1.8922,97.47,7,88,5.28,overcast clouds
458,Oistins,BB,13.0667,-59.5333,84.29,58,40,19.57,scattered clouds
459,Digboi,IN,27.3833,95.6333,62.73,52,1,2.19,clear sky
460,Cairns,AU,-16.9167,145.7667,81.07,88,100,8.05,moderate rain
461,Liberal,US,37.0431,-100.921,29.44,74,0,14.97,clear sky
462,Tuensang,IN,26.2833,94.8333,56.1,73,3,3.18,clear sky
463,Lengshuijiang,CN,27.6881,111.4294,39.29,74,100,0.11,overcast clouds
464,Farafangana,MG,-22.8167,47.8333,76.41,77,89,9.04,overcast clouds
465,Zyryanka,RU,65.75,150.85,-36.56,100,90,4.47,overcast clouds
466,Pangody,RU,65.85,74.4859,4.37,96,19,7.94,few clouds
467,Ponta Delgada,PT,37.7333,-25.6667,61.52,72,20,10.36,few clouds
468,Umm Lajj,SA,25.0213,37.2685,67.91,51,0,11.3,clear sky
469,Luoyang,CN,34.6836,112.4536,31.84,68,4,3.33,clear sky
470,Angoram,PG,-4.0625,144.0661,75.65,88,100,1.28,overcast clouds
471,Thinadhoo,MV,0.5333,72.9333,81.43,66,44,14.56,scattered clouds
472,The Valley,AI,18.217,-63.0578,82.26,74,40,16.11,scattered clouds
473,Kpalime,TG,6.9,0.6333,96.33,28,1,3.62,clear sky
474,Vila Do Maio,CV,15.1333,-23.2167,77.79,74,57,18.39,broken clouds
475,Clinton,US,42.587,-82.9199,29.41,64,20,14.97,few clouds
476,Japura,ID,-0.3167,102.35,75.72,95,98,1.86,overcast clouds
477,Kutum,SD,14.2,24.6667,72.9,16,23,11.48,few clouds
478,Portachuelo,BO,-17.35,-63.4,76.1,87,100,5.79,overcast clouds
479,Lannion,FR,48.75,-3.4167,51.15,67,100,11.5,overcast clouds
480,Thunder Bay,CA,48.4001,-89.3168,-2.22,50,40,16.11,scattered clouds
481,Namie,JP,37.4833,141.0,33.71,69,100,9.13,overcast clouds
482,Luang Prabang,LA,19.8856,102.1347,68.9,49,42,1.54,scattered clouds
483,Havre-Saint-Pierre,CA,50.2334,-63.5986,10.4,78,100,10.36,light snow
484,Cabedelo,BR,-6.9811,-34.8339,90.27,61,19,13.65,few clouds
485,Jibuti,DJ,11.5,42.5,72.88,61,7,11.59,clear sky
486,Constantine,DZ,36.365,6.6147,49.41,66,75,5.75,broken clouds
487,Matagami,CA,49.7502,-77.6328,-0.29,85,100,2.3,light snow
488,Morondava,MG,-20.2833,44.2833,81.37,80,93,6.15,overcast clouds
489,Port Moresby,PG,-9.4431,147.1797,76.42,94,75,5.75,broken clouds
490,Marrakesh,MA,31.6315,-8.0083,64.47,27,20,8.05,few clouds
491,Taltal,CL,-25.4,-70.4833,73.2,72,28,6.64,scattered clouds
492,Porto Novo,BJ,6.4965,2.6036,89.42,59,7,10.69,clear sky
493,Maniitsoq,GL,65.4167,-52.9,10.6,90,100,13.35,light snow
494,Rodrigues Alves,BR,-7.738,-72.6509,77.2,99,98,2.48,overcast clouds
495,Severnyy,RU,50.677,36.5532,32.04,93,100,8.95,light snow
496,Faya,SA,18.3851,42.4509,57.31,73,0,2.06,clear sky
497,Ostrovnoy,RU,68.0531,39.5131,20.53,89,100,5.93,light snow
498,Pitea,SE,65.3172,21.4794,14.09,92,12,7.18,few clouds
499,Ghanzi,BW,-21.5667,21.7833,73.67,69,60,2.42,broken clouds
500,Bilibino,RU,68.0546,166.4372,1.6,95,100,1.97,overcast clouds
501,Shestakovo,RU,56.4915,103.96,3.69,98,100,4.7,overcast clouds
502,Waingapu,ID,-9.6567,120.2641,76.35,86,100,9.35,overcast clouds
503,Aneho,TG,6.2333,1.6,84.4,77,8,9.78,clear sky
504,De-Kastri,RU,51.4667,140.7833,-10.34,99,86,5.48,overcast clouds
505,Vila Velha,BR,-20.3297,-40.2925,87.75,70,20,17.27,few clouds
506,Sao Jose Da Coroa Grande,BR,-8.8978,-35.1478,82.36,68,52,10.8,broken clouds
507,Ahipara,NZ,-35.1667,173.1667,70.43,97,98,6.31,overcast clouds
508,Yar-Sale,RU,66.8333,70.8333,4.82,95,23,8.43,few clouds
509,Mujiayingzi,CN,42.1167,118.7833,16.25,28,100,5.17,overcast clouds
510,Garowe,SO,8.4054,48.4845,70.39,64,0,15.26,clear sky
511,Voh,NC,-20.9667,164.7,74.52,83,95,5.44,overcast clouds
512,Ginda,IN,30.6945,78.4932,48.72,32,100,5.82,overcast clouds
513,Berbera,SO,10.4396,45.0143,76.73,65,5,7.27,clear sky
514,Annonay,FR,45.2397,4.6708,44.29,83,7,7.23,clear sky
515,Kemijarvi,FI,66.7131,27.4306,14.32,95,97,5.48,overcast clouds
516,Nanchang,CN,28.6833,115.8833,40.44,82,100,4.81,overcast clouds
517,Lazarev,RU,52.225,141.5131,-20.76,97,100,3.6,overcast clouds
518,Sumkino,RU,58.1108,68.3244,11.32,96,99,3.2,overcast clouds
519,Phan Thiet,VN,10.9333,108.1,74.08,87,100,8.79,overcast clouds
520,Mayo,US,38.8876,-76.5119,42.96,52,0,6.91,clear sky
521,Chernyshevskiy,RU,63.0128,112.4714,-6.81,98,100,3.87,overcast clouds
522,Batemans Bay,AU,-35.7167,150.1833,60.04,64,1,5.61,clear sky
523,Omsukchan,RU,62.5333,155.8,-18.58,99,39,2.48,scattered clouds
524,Vakhsh,TJ,37.7149,68.8346,48.42,93,75,4.47,broken clouds
525,Alexandria,EG,31.2156,29.9553,57.16,67,40,9.22,scattered clouds
526,Azangaro,PE,-14.9167,-70.2167,56.14,57,100,5.61,overcast clouds
527,Piacabucu,BR,-10.4056,-36.4344,83.03,65,70,12.57,broken clouds
528,Viedma,AR,-40.8135,-62.9967,87.3,28,42,6.73,light rain
529,Boyolangu,ID,-8.1181,111.8935,73.99,93,100,6.78,overcast clouds
530,Ocala,US,29.1872,-82.1401,82.99,63,0,8.05,clear sky
531,Ostersund,SE,63.1792,14.6357,18.05,100,100,0.0,overcast clouds
532,Paungde,MM,18.4833,95.5,72.21,44,14,3.06,few clouds
533,Manacapuru,BR,-3.2997,-60.6206,84.34,73,26,5.77,scattered clouds
534,Makakilo City,US,21.3469,-158.0858,76.6,82,0,4.61,clear sky
535,Tabuk,PH,17.4189,121.4443,71.37,96,99,2.46,overcast clouds
536,Baruun-Urt,MN,46.6806,113.2792,-3.87,84,16,5.91,few clouds
537,Balaguer,ES,41.7912,0.8109,44.35,82,0,1.39,clear sky
538,Punta De Piedra,VE,7.6176,-71.4916,94.8,23,5,5.66,clear sky
539,Constitucion,CL,-35.3333,-72.4167,74.14,47,7,18.77,clear sky
540,Jiaojiang,CN,28.6803,121.4428,45.0,73,100,6.06,overcast clouds
541,Bahia Blanca,AR,-38.7196,-62.2724,80.67,33,42,13.82,scattered clouds
542,Smithers,CA,54.7804,-127.1743,26.92,86,100,5.75,light snow
543,Phuket,TH,8.0,98.25,75.42,100,20,2.3,few clouds
544,Shache,CN,38.4167,77.2406,20.73,85,6,5.03,clear sky
545,Pangai,TO,-19.8,-174.35,78.91,89,100,11.5,moderate rain
546,Hovd,MN,48.0056,91.6419,-1.17,85,4,2.51,clear sky
547,Visby,SE,57.6409,18.296,32.22,80,75,14.97,broken clouds
548,Dudinka,RU,69.4058,86.1778,13.62,95,100,9.93,light snow
549,Gari,RU,59.4307,62.3497,3.45,99,86,4.61,overcast clouds
550,El Alto,PE,-4.2714,-81.2147,85.66,69,43,13.98,scattered clouds
551,Inverell,AU,-29.7833,151.1167,68.16,93,0,3.0,clear sky
552,Moerai,PF,-22.4333,-151.3333,79.18,78,2,13.4,clear sky
553,Suriapet,IN,17.15,79.6167,68.34,35,39,2.64,scattered clouds
554,Baldone,LV,56.7428,24.3944,33.55,77,99,10.85,overcast clouds
555,Nouadhibou,MR,20.931,-17.0347,69.78,43,55,10.36,dust
556,Jilin,CN,43.0,126.0,-8.07,99,24,2.62,few clouds
557,Agadez,NE,19.75,10.25,64.8,17,100,6.26,overcast clouds
558,Bol,TD,13.4586,14.7147,76.57,40,99,14.72,overcast clouds
559,Miyako,JP,39.6367,141.9525,25.72,65,70,7.29,broken clouds
560,Nishihara,JP,26.1842,127.7558,61.88,72,100,3.44,overcast clouds
561,Yamada,JP,39.4667,141.95,25.09,67,36,4.74,scattered clouds
562,Sorong,ID,-0.8833,131.25,79.36,84,100,10.42,moderate rain
563,Playa Del Carmen,MX,20.6274,-87.0799,84.22,70,40,9.22,scattered clouds
564,Bayan,CN,46.0833,127.4,-14.22,99,24,1.92,few clouds
565,Grindavik,IS,63.8424,-22.4338,35.33,87,100,40.06,light snow
566,Price,US,39.5994,-110.8107,25.86,54,0,4.61,clear sky
567,Matay,EG,28.419,30.7792,54.14,43,0,6.04,clear sky
568,Aykhal,RU,66.0,111.5,-22.04,100,100,4.23,overcast clouds
569,Campo Maior,BR,-4.8278,-42.1686,84.96,64,100,2.77,overcast clouds
570,Maningrida,AU,-12.0667,134.2667,78.44,88,99,9.6,moderate rain
571,Nakusp,CA,50.2499,-117.8023,26.94,93,100,2.3,overcast clouds
572,Nemuro,JP,43.3236,145.575,15.76,73,21,18.57,few clouds
573,Steamboat Springs,US,40.485,-106.8317,15.39,85,0,0.0,clear sky
574,Tshikapa,CD,-6.4167,20.8,72.5,92,24,3.18,few clouds
575,Festus,US,38.2206,-90.396,46.53,29,15,7.76,few clouds
576,Khandyga,RU,62.6667,135.6,-31.58,99,100,2.55,overcast clouds
577,Round Rock,US,30.5083,-97.6789,36.57,91,100,10.36,moderate rain
578,Sabang,ID,5.8933,95.3214,79.81,79,92,4.79,overcast clouds
579,Lakhdenpokhya,RU,61.5198,30.1992,24.6,97,100,5.19,light snow
580,Kudahuvadhoo,MV,2.6708,72.8944,80.28,67,12,11.5,few clouds
581,Vanavara,RU,60.34,102.2797,8.6,94,100,7.87,overcast clouds
582,Puerto El Triunfo,SV,13.2833,-88.55,95.86,40,62,9.86,broken clouds
583,Mawlaik,MM,23.6333,94.4167,64.36,68,70,1.57,broken clouds
584,Sigmaringen,DE,48.0833,9.2167,40.89,86,100,9.71,overcast clouds
585,Thanatpin,MM,17.2119,96.3033,75.38,64,40,4.27,scattered clouds
586,Muzhi,RU,65.3667,64.6667,1.0,100,94,2.39,overcast clouds
587,Kulhudhuffushi,MV,6.6221,73.07,80.17,75,100,10.0,overcast clouds
588,Kerouane,GN,9.2667,-9.0167,84.24,13,0,2.66,clear sky
589,Balkanabat,TM,39.5108,54.3671,47.91,66,22,11.41,few clouds
590,General Cepeda,MX,25.3833,-101.45,65.5,33,11,13.56,few clouds
591,Mikkeli,FI,61.6886,27.2723,24.91,93,100,1.14,overcast clouds
592,Erzurum,TR,40.0,41.5,20.88,96,100,7.74,light snow
593,La Playona,HN,15.1167,-88.9833,89.17,54,31,5.19,scattered clouds
594,Pemangkat,ID,1.1667,108.9667,76.68,88,100,2.71,overcast clouds
595,Mbigou,GA,-1.9005,11.906,73.65,77,92,0.54,light rain
596,Juneau,US,58.3019,-134.4197,31.21,100,100,6.2,snow
597,Roald,NO,62.5833,6.1333,36.75,64,0,13.8,clear sky
598,Eureka,US,40.8021,-124.1637,58.19,54,100,4.79,overcast clouds
599,Gorontalo,ID,0.5412,123.0595,73.85,93,100,3.78,overcast clouds
600,Redencao,BR,-4.2258,-38.7306,86.77,59,80,6.22,broken clouds
601,Kruisfontein,ZA,-34.0033,24.7314,69.89,88,5,4.74,clear sky
602,Ozernovskiy,RU,51.5,156.5167,27.01,78,100,36.66,light snow
603,Hirna,ET,9.2167,41.1,62.58,41,100,4.38,overcast clouds
604,Buluang,PH,13.3068,123.3425,73.49,93,27,5.08,scattered clouds
605,Andujar,ES,38.0392,-4.0508,50.7,50,0,2.44,clear sky
606,Kitale,KE,1.0157,35.0062,62.98,40,19,7.61,few clouds
607,Mlalo,TZ,-4.9333,38.9333,74.12,91,20,4.34,light rain
608,Togur,RU,58.3631,82.8265,-3.87,100,94,3.24,overcast clouds
609,Awbari,LY,26.5921,12.7805,56.17,36,100,10.74,overcast clouds
610,Vestmannaeyjar,IS,63.4427,-20.2734,37.22,75,100,40.33,overcast clouds
611,Cardston,CA,49.2,-113.3019,35.89,44,100,9.22,overcast clouds
612,Arawa,PG,-6.2132,155.5367,76.71,92,100,1.43,light rain
613,Kissidougou,GN,9.1848,-10.0999,84.15,14,61,3.94,broken clouds
614,Worland,US,44.0169,-107.9554,29.55,73,0,1.99,clear sky
615,Neepawa,CA,50.2289,-99.4664,-16.2,75,6,5.55,clear sky
616,Flinders,AU,-34.5833,150.8552,68.38,56,0,7.67,clear sky
617,Taihe,CN,30.8712,105.3845,47.5,77,98,6.73,overcast clouds
618,Atar,MR,20.5169,-13.0499,73.47,11,6,9.86,clear sky
619,Pauini,BR,-7.7136,-66.9764,76.42,92,95,3.83,moderate rain
620,Burgeo,CA,47.6167,-57.6152,23.14,68,100,21.88,light snow
621,Tual,ID,-5.6667,132.75,82.26,80,100,15.48,overcast clouds
622,Saint-Augustin,CA,51.226,-58.6502,3.43,80,100,2.98,overcast clouds
623,Luanda,AO,-8.8368,13.2343,82.4,78,40,16.11,scattered clouds
624,Chulman,RU,56.8479,124.9104,-13.14,100,100,2.33,overcast clouds
625,Mercedes,AR,-34.6515,-59.4307,76.03,62,32,7.31,scattered clouds
626,Vavoua,CI,7.3819,-6.4778,84.97,30,6,3.44,clear sky
627,Rundu,NA,-17.9333,19.7667,68.04,91,100,6.35,light rain
628,Dandong,CN,40.1292,124.3947,20.12,40,100,5.1,overcast clouds
629,Marawi,PH,7.9986,124.2928,65.89,95,100,0.85,overcast clouds
630,Puerto Del Rosario,ES,28.5004,-13.8627,64.15,59,0,11.5,clear sky
631,Kurunegala,LK,7.4863,80.3623,71.44,99,100,2.17,overcast clouds
632,Afikpo,NG,5.8931,7.9374,90.34,38,57,2.1,broken clouds
633,Wukari,NG,7.85,9.7833,85.87,16,51,5.64,broken clouds
634,Kpandae,GH,8.4689,-0.0113,92.01,26,5,4.27,clear sky
635,Oga,IT,46.4631,10.347,32.54,95,65,7.31,broken clouds
636,Isangel,VU,-19.55,169.2667,80.26,85,12,6.46,few clouds
637,Khorramshahr,IR,30.4397,48.1664,60.76,77,0,4.61,clear sky
638,Ceres,US,37.5949,-120.9577,55.04,78,0,0.0,haze
639,Karla,EE,59.3723,24.9275,30.56,64,100,9.22,overcast clouds
640,Pangnirtung,CA,66.1451,-65.7125,-18.4,69,100,2.3,light snow
641,Pascagoula,US,30.3658,-88.5561,64.42,82,100,8.05,overcast clouds
642,Copiapo,CL,-27.3667,-70.3333,71.29,26,0,11.74,clear sky
643,Nador,MA,35.174,-2.9287,55.47,94,100,4.61,overcast clouds
644,Almaznyy,RU,48.0448,40.045,32.22,89,98,7.31,overcast clouds
645,Haines Junction,CA,60.7522,-137.5108,-0.45,85,100,0.0,overcast clouds
646,Tambura,SS,5.6,27.4667,83.17,18,11,6.93,few clouds
647,Kuching,MY,1.55,110.3333,80.02,98,40,2.3,light rain
648,Jieshi,CN,22.8134,115.8257,59.59,85,95,17.81,overcast clouds
649,Lakatoro,VU,-16.0999,167.4164,80.35,80,27,5.12,scattered clouds
650,Papetoai,PF,-17.4961,-149.8729,85.59,80,0,18.32,clear sky
651,Knyaze-Volkonskoye,RU,48.4642,135.4567,-5.46,98,17,5.7,few clouds
652,Bundaberg,AU,-24.85,152.35,74.21,99,12,1.01,few clouds
653,Formosa Do Rio Preto,BR,-11.0483,-45.1931,82.4,62,100,0.85,overcast clouds
654,Uaua,BR,-9.8414,-39.4817,86.56,41,100,10.51,overcast clouds
655,Kodinsk,RU,58.6881,99.1844,8.6,96,100,4.68,overcast clouds
656,Kalmunai,LK,7.4167,81.8167,76.35,91,100,6.06,overcast clouds
657,Gat,IL,31.61,34.7642,54.28,100,98,7.11,overcast clouds
658,Ulaanbaatar,MN,47.9077,106.8832,-21.87,76,38,2.24,scattered clouds
659,Malazgirt,TR,39.1427,42.5401,26.19,90,99,5.97,overcast clouds
660,Tabou,CI,4.423,-7.3528,80.64,81,5,7.76,clear sky
661,Ust-Kuyga,RU,70.0167,135.6,-20.97,95,99,4.03,overcast clouds
662,Mangan,IN,27.5167,88.5333,57.43,30,0,6.42,clear sky
663,Dicabisagan,PH,17.0818,122.4157,74.95,88,90,6.08,overcast clouds
664,Kibi,GH,6.1649,-0.5538,80.65,58,41,4.63,scattered clouds
665,Bozhou,CN,33.8772,115.7703,31.68,47,55,3.76,broken clouds
666,Sao Geraldo Do Araguaia,BR,-6.4006,-48.555,81.34,83,65,2.51,broken clouds
667,Oriximina,BR,-1.7656,-55.8661,83.17,65,95,5.64,overcast clouds
668,Rawson,AR,-43.3002,-65.1023,79.9,44,84,13.44,broken clouds
669,Xining,CN,36.6167,101.7667,25.38,31,0,3.53,clear sky
670,Celestun,MX,20.8667,-90.4,81.54,65,88,8.14,overcast clouds
671,Tucumcari,US,35.1717,-103.725,51.94,28,0,8.05,clear sky
672,Katakwi,UG,1.8911,33.9661,80.47,28,96,11.72,overcast clouds
673,Lahij,YE,13.1667,44.5833,70.68,77,33,4.85,scattered clouds
674,Kroya,ID,-7.6331,109.2461,76.26,88,93,4.21,light rain
675,Kapustin Yar,RU,48.5831,45.7372,26.4,93,100,2.26,overcast clouds
676,Bontang,ID,0.1333,117.5,74.46,96,100,4.83,light rain
677,Fukue,JP,32.6881,128.8419,49.01,59,73,11.72,broken clouds
678,Akureyri,IS,65.6835,-18.0878,31.19,97,100,7.99,light snow
679,Airai,TL,-8.9266,125.4092,61.21,96,100,2.95,overcast clouds
680,Diamantino,BR,-14.4086,-56.4461,84.63,68,74,0.76,broken clouds
681,Praia Da Vitoria,PT,38.7333,-27.0667,59.76,82,20,13.4,few clouds
682,Emerald,AU,-23.5333,148.1667,81.34,54,100,10.36,overcast clouds
683,Beringovskiy,RU,63.05,179.3167,10.85,95,100,12.12,overcast clouds
684,Sechura,PE,-5.5569,-80.8222,85.03,54,30,13.33,scattered clouds
685,Koraput,IN,18.8167,82.7167,59.43,44,13,3.96,few clouds
686,Bushehr,IR,28.9684,50.8385,64.49,88,40,9.22,scattered clouds
687,Konevo,RU,62.1215,39.3192,23.97,97,100,2.86,overcast clouds
688,French Harbor,HN,16.35,-86.4333,82.4,76,20,9.22,few clouds
689,Nantucket,US,41.2835,-70.0995,35.74,53,0,12.66,clear sky
690,Kalmanka,RU,52.8992,83.5433,-1.34,99,39,4.36,scattered clouds
691,Tessalit,ML,20.1986,1.0114,68.92,11,50,12.53,scattered clouds
692,Fuling,CN,29.7022,107.3919,49.06,78,100,2.24,overcast clouds
693,Invercargill,NZ,-46.4,168.35,62.42,98,89,2.66,overcast clouds
